,NumPy,Pandas,Python,Scikit-learn,algorithms,machine learning
AI Integration,0.15332317,0.120180935,0.2890219,0.21809587,0.375629,0.44930127
Adaptability,0.094819844,0.16744122,0.17151645,0.18188542,0.25277305,0.3061869
Algorithms,0.3322584,0.28090525,0.3778273,0.32709,1.0000002,0.5814359
C++,0.31092197,0.16042541,0.44532531,0.2642294,0.42475706,0.36748162
CSS,0.2490585,0.30303678,0.26404902,0.2060673,0.2682626,0.30425757
Cloud,0.22796905,0.28904116,0.2599184,0.19560334,0.29835838,0.32306874
DBMS,0.12996598,0.19625387,0.15870118,0.14960921,0.25325367,0.36405566
Data Engineering,0.12241541,0.19736181,0.3369975,0.20554161,0.3678589,0.41287825
Data Structures,0.15535873,0.21296716,0.27876225,0.23803186,0.46278128,0.39178964
Deep Analyzer,0.26925284,0.17777158,0.2618218,0.37652272,0.30637226,0.3909555
Flask,0.32651463,0.37142247,0.4768062,0.25402835,0.17041823,0.16287959
Full Stack Development,0.070184514,0.12838793,0.20295191,0.1558178,0.17426088,0.19688779
HTML,0.11701524,0.14189947,0.29799637,0.13571976,0.24502099,0.32256263
JavaScript,0.16684943,0.09362565,0.31061423,0.16514002,0.28340316,0.35879496
Machine Learning,0.24091569,0.25444898,0.36132735,0.374884,0.581436,1.0
Matplotlib,0.54371214,0.42567587,0.49805647,0.4016266,0.14887495,0.14509758
NumPy,1.0,0.44759947,0.5541949,0.4088834,0.3322585,0.24091567
OOP,0.1758649,0.16194712,0.32252622,0.21766567,0.27433026,0.26734507
Operating Systems,0.1892303,0.22594316,0.3578611,0.25603217,0.33750045,0.28000766
Pandas,0.44759956,1.0,0.46478397,0.45842874,0.28090537,0.254449
Problem Solving,0.19222465,0.16419448,0.2733078,0.18465279,0.44323558,0.37425548
Python,0.55419505,0.46478394,1.0000002,0.45566052,0.37782723,0.3613271
Quick Learner,0.24878034,0.17685446,0.37275028,0.44712296,0.34401596,0.5072951
React,0.11180726,0.15293248,0.17124791,0.21167159,0.054557998,0.16869567
SQL,0.17557168,0.20523992,0.29998437,0.13311213,0.27377993,0.31689698
Seaborn,0.24715897,0.35477605,0.20777363,0.25304347,0.13176666,0.17988296
Self-Learning,0.1928229,0.16039273,0.2843964,0.36560422,0.38377416,0.58707523
Sklearn,0.40282643,0.41420466,0.4896457,0.59607995,0.22439425,0.34261084
Software Engineering,0.14461072,0.118314445,0.39491618,0.23269781,0.36371094,0.3326064
Team Collaboration,0.10897297,0.17943057,0.20228389,0.13498433,0.20481908,0.27204663
